split,worker_id,scenario_id,scenario_harm,permissibility_rating,intention_rating,causal_structure,evitability,action
0,226,5,0,3,3,1,0,1
0,226,9,0,5,2,0,1,1
0,226,4,0,3,3,0,1,1
0,226,2,0,3,3,1,0,0
0,226,5,0,4,2,0,1,1
0,226,6,0,4,2,1,0,1
0,226,1,0,5,2,1,1,0
0,226,0,0,4,3,1,0,0
0,226,3,0,4,3,0,1,0
0,226,2,0,5,2,0,1,1
0,226,8,0,5,3,1,1,0
0,226,4,0,3,2,1,1,1
0,226,9,0,4,3,1,1,1
0,226,0,0,4,3,1,1,0
0,226,7,0,3,3,0,1,0
0,226,1,0,4,3,0,1,1
0,201,4,0,5,2,0,1,1
0,201,4,0,3,4,1,1,1
0,201,2,0,5,1,1,0,0
0,201,9,0,5,3,1,1,1
0,201,0,0,5,2,1,1,0
0,201,6,0,5,3,1,0,1
0,201,8,0,5,1,1,1,0
0,201,5,0,5,4,0,1,1
0,201,1,0,5,4,1,1,0
0,201,2,0,5,2,0,1,1
0,201,5,0,4,3,1,0,1
0,201,1,0,5,3,0,1,1
0,201,9,0,5,2,0,1,1
0,201,3,0,5,1,0,1,0
0,201,7,0,4,3,0,1,0
0,201,0,0,5,2,1,0,0
0,196,4,0,4,1,1,1,1
0,196,8,0,5,2,1,1,0
0,196,6,0,4,2,1,0,1
0,196,0,0,5,2,1,0,0
0,196,9,0,4,4,1,1,1
0,196,7,0,5,1,0,1,0
0,196,2,0,5,2,1,0,0
0,196,5,0,5,2,0,1,1
0,196,2,0,4,1,0,1,1
0,196,1,0,5,2,0,1,1
0,196,9,0,5,2,0,1,1
0,196,3,0,4,1,0,1,0
0,196,4,0,5,4,0,1,1
0,196,1,0,4,2,1,1,0
0,196,0,0,4,2,1,1,0
0,196,5,0,4,1,1,0,1
0,168,1,0,4,3,1,1,0
0,168,4,0,4,4,0,1,1
0,168,7,0,4,3,0,1,0
0,168,2,0,4,5,1,0,0
0,168,9,0,2,4,0,1,1
0,168,6,0,3,4,1,0,1
0,168,9,0,4,2,1,1,1
0,168,2,0,3,4,0,1,1
0,168,0,0,2,3,1,0,0
0,168,5,0,4,3,0,1,1
0,168,4,0,3,4,1,1,1
0,168,1,0,4,3,0,1,1
0,168,0,0,4,5,1,1,0
0,168,8,0,4,4,1,1,0
0,168,5,0,3,4,1,0,1
0,168,3,0,2,4,0,1,0
0,211,2,0,4,2,0,1,1
0,211,6,0,4,2,1,0,1
0,211,9,0,5,1,0,1,1
0,211,4,0,3,3,1,1,1
0,211,0,0,5,1,1,0,0
0,211,4,0,4,2,0,1,1
0,211,7,0,2,2,0,1,0
0,211,2,0,2,4,1,0,0
0,211,1,0,5,2,1,1,0
0,211,8,0,1,4,1,1,0
0,211,0,0,4,2,1,1,0
0,211,5,0,4,3,0,1,1
0,211,9,0,3,4,1,1,1
0,211,1,0,4,3,0,1,1
0,211,3,0,3,3,0,1,0
0,211,5,0,4,2,1,0,1
0,163,2,0,5,2,0,1,1
0,163,5,0,5,3,1,0,1
0,163,7,0,5,2,0,1,0
0,163,1,0,5,5,1,1,0
0,163,6,0,5,4,1,0,1
0,163,2,0,5,2,1,0,0
0,163,4,0,4,2,0,1,1
0,163,0,0,5,4,1,0,0
0,163,5,0,5,2,0,1,1
0,163,8,0,4,2,1,1,0
0,163,3,0,4,2,0,1,0
0,163,1,0,3,1,0,1,1
0,163,9,0,4,3,1,1,1
0,163,9,0,5,2,0,1,1
0,163,4,0,4,4,1,1,1
0,163,0,0,4,4,1,1,0
0,173,0,0,5,3,1,0,0
0,173,9,0,5,3,0,1,1
0,173,1,0,4,1,1,1,0
0,173,4,0,5,3,1,1,1
0,173,3,0,5,3,0,1,0
0,173,2,0,3,3,1,0,0
0,173,9,0,5,2,1,1,1
0,173,4,0,5,3,0,1,1
0,173,7,0,5,1,0,1,0
0,173,0,0,5,3,1,1,0
0,173,8,0,3,3,1,1,0
0,173,2,0,5,2,0,1,1
0,173,1,0,5,2,0,1,1
0,173,6,0,4,2,1,0,1
0,173,5,0,5,5,0,1,1
0,173,5,0,4,2,1,0,1
0,126,1,0,5,1,0,1,1
0,126,4,0,1,4,1,1,1
0,126,7,0,4,4,0,1,0
0,126,9,0,5,1,0,1,1
0,126,1,0,5,2,1,1,0
0,126,0,0,5,1,1,0,0
0,126,4,0,4,4,0,1,1
0,126,5,0,5,2,1,0,1
0,126,0,0,5,4,1,1,0
0,126,6,0,5,1,1,0,1
0,126,2,0,5,1,1,0,0
0,126,2,0,2,2,0,1,1
0,126,9,0,3,2,1,1,1
0,126,8,0,5,1,1,1,0
0,126,5,0,5,1,0,1,1
0,126,3,0,4,3,0,1,0
0,188,4,0,3,5,1,1,1
0,188,3,0,4,1,0,1,0
0,188,1,0,3,1,1,1,0
0,188,4,0,4,2,0,1,1
0,188,0,0,3,2,1,1,0
0,188,5,0,3,3,0,1,1
0,188,1,0,4,2,0,1,1
0,188,2,0,3,1,0,1,1
0,188,9,0,3,2,0,1,1
0,188,7,0,4,1,0,1,0
0,188,5,0,3,2,1,0,1
0,188,0,0,3,2,1,0,0
0,188,6,0,3,4,1,0,1
0,188,8,0,3,2,1,1,0
0,188,2,0,2,2,1,0,0
0,188,9,0,3,2,1,1,1
0,206,9,0,4,2,1,1,1
0,206,0,0,4,2,1,1,0
0,206,4,0,3,2,0,1,1
0,206,0,0,4,2,1,0,0
0,206,3,0,2,3,0,1,0
0,206,2,0,3,2,1,0,0
0,206,5,0,4,2,0,1,1
0,206,1,0,2,4,0,1,1
0,206,7,0,3,3,0,1,0
0,206,2,0,2,3,0,1,1
0,206,9,0,2,4,0,1,1
0,206,1,0,4,2,1,1,0
0,206,6,0,4,2,1,0,1
0,206,4,0,3,3,1,1,1
0,206,8,0,2,4,1,1,0
0,206,5,0,4,2,1,0,1
0,143,2,0,2,2,0,1,1
0,143,8,0,4,2,1,1,0
0,143,2,0,5,1,1,0,0
0,143,7,0,5,2,0,1,0
0,143,5,0,4,1,0,1,1
0,143,0,0,4,2,1,1,0
0,143,6,0,5,2,1,0,1
0,143,9,0,4,2,1,1,1
0,143,4,0,3,3,1,1,1
0,143,0,0,5,1,1,0,0
0,143,9,0,4,2,0,1,1
0,143,5,0,5,1,1,0,1
0,143,3,0,3,2,0,1,0
0,143,4,0,5,1,0,1,1
0,143,1,0,4,2,0,1,1
0,143,1,0,3,3,1,1,0
0,121,7,0,4,1,0,1,0
0,121,9,0,4,2,1,1,1
0,121,2,0,4,3,0,1,1
0,121,5,0,4,1,0,1,1
0,121,8,0,4,1,1,1,0
0,121,4,0,4,4,0,1,1
0,121,0,0,4,2,1,1,0
0,121,6,0,4,5,1,0,1
0,121,1,0,4,2,0,1,1
0,121,4,0,4,5,1,1,1
0,121,0,0,4,4,1,0,0
0,121,1,0,4,5,1,1,0
0,121,5,0,4,4,1,0,1
0,121,3,0,4,5,0,1,0
0,121,9,0,4,5,0,1,1
0,121,2,0,4,5,1,0,0
0,138,5,0,4,1,1,0,1
0,138,5,0,5,1,0,1,1
0,138,7,0,5,1,0,1,0
0,138,0,0,5,1,1,0,0
0,138,8,0,5,1,1,1,0
0,138,9,0,5,1,0,1,1
0,138,1,0,5,1,0,1,1
0,138,2,0,5,1,0,1,1
0,138,1,0,5,1,1,1,0
0,138,2,0,5,1,1,0,0
0,138,6,0,5,1,1,0,1
0,138,4,0,5,1,0,1,1
0,138,3,0,5,1,0,1,0
0,138,9,0,5,1,1,1,1
0,138,4,0,5,1,1,1,1
0,138,0,0,5,1,1,1,0
0,131,5,0,4,2,1,0,1
0,131,7,0,4,2,0,1,0
0,131,8,0,2,3,1,1,0
0,131,9,0,3,3,1,1,1
0,131,0,0,4,2,1,1,0
0,131,1,0,4,2,1,1,0
0,131,2,0,2,4,0,1,1
0,131,2,0,4,3,1,0,0
0,131,4,0,4,2,1,1,1
0,131,9,0,4,2,0,1,1
0,131,5,0,4,2,0,1,1
0,131,6,0,4,2,1,0,1
0,131,4,0,4,2,0,1,1
0,131,3,0,4,3,0,1,0
0,131,1,0,4,2,0,1,1
0,131,0,0,4,2,1,0,0
0,158,3,0,2,1,0,1,0
0,158,0,0,2,1,1,1,0
0,158,0,0,4,1,1,0,0
0,158,4,0,4,1,1,1,1
0,158,2,0,5,1,0,1,1
0,158,6,0,5,1,1,0,1
0,158,9,0,4,1,1,1,1
0,158,1,0,2,5,1,1,0
0,158,2,0,3,3,1,0,0
0,158,5,0,5,1,0,1,1
0,158,4,0,5,1,0,1,1
0,158,8,0,4,1,1,1,0
0,158,5,0,4,3,1,0,1
0,158,1,0,4,4,0,1,1
0,158,7,0,4,1,0,1,0
0,158,9,0,4,5,0,1,1
0,217,9,0,3,3,0,1,1
0,217,2,0,3,3,0,1,1
0,217,9,0,3,3,1,1,1
0,217,1,0,3,3,1,1,0
0,217,0,0,3,3,1,1,0
0,217,0,0,3,3,1,0,0
0,217,5,0,3,3,1,0,1
0,217,4,0,3,3,0,1,1
0,217,5,0,3,3,0,1,1
0,217,1,0,3,3,0,1,1
0,217,3,0,3,3,0,1,0
0,217,2,0,3,3,1,0,0
0,217,6,0,3,3,1,0,1
0,217,7,0,3,3,0,1,0
0,217,8,0,3,3,1,1,0
0,217,4,0,3,3,1,1,1
0,148,9,0,4,2,0,1,1
0,148,6,0,4,2,1,0,1
0,148,1,0,4,2,0,1,1
0,148,9,0,3,2,1,1,1
0,148,0,0,4,2,1,0,0
0,148,4,0,4,2,0,1,1
0,148,4,0,4,2,1,1,1
0,148,2,0,2,2,0,1,1
0,148,5,0,4,2,1,0,1
0,148,1,0,4,2,1,1,0
0,148,7,0,4,2,0,1,0
0,148,8,0,2,2,1,1,0
0,148,0,0,4,2,1,1,0
0,148,3,0,4,2,0,1,0
0,148,5,0,4,2,0,1,1
0,148,2,0,4,2,1,0,0
0,231,4,0,4,3,1,1,0
0,231,4,0,3,3,0,0,0
0,231,1,0,4,3,0,0,1
0,231,3,0,2,3,0,0,0
0,231,9,0,3,3,0,1,0
0,231,5,0,2,3,1,1,1
0,231,0,0,3,2,0,0,0
0,231,3,0,3,3,1,1,0
0,231,9,0,4,3,0,0,0
0,231,6,0,2,3,0,0,1
0,231,5,0,3,4,0,0,0
0,231,7,0,2,3,0,1,1
0,231,2,0,4,3,0,1,0
0,231,8,0,2,3,1,0,1
0,231,0,0,4,3,1,1,1
0,231,6,0,2,3,0,1,0
0,153,4,0,4,2,1,1,1
0,153,6,0,4,1,1,0,1
0,153,1,0,4,1,0,1,1
0,153,0,0,4,1,1,0,0
0,153,4,0,5,1,0,1,1
0,153,8,0,4,1,1,1,0
0,153,9,0,5,1,0,1,1
0,153,9,0,2,5,1,1,1
0,153,3,0,3,2,0,1,0
0,153,7,0,4,1,0,1,0
0,153,1,0,4,1,1,1,0
0,153,5,0,4,1,1,0,1
0,153,2,0,3,3,0,1,1
0,153,2,0,3,3,1,0,0
0,153,0,0,4,1,1,1,0
0,153,5,0,5,1,0,1,1
0,221,1,0,5,5,1,1,0
0,221,9,0,4,4,1,1,1
0,221,5,0,5,5,0,1,1
0,221,8,0,5,5,1,1,0
0,221,4,0,4,4,1,1,1
0,221,7,0,3,4,0,1,0
0,221,0,0,3,4,1,1,0
0,221,2,0,3,2,0,1,1
0,221,6,0,5,4,1,0,1
0,221,2,0,5,3,1,0,0
0,221,0,0,4,2,1,0,0
0,221,1,0,4,3,0,1,1
0,221,9,0,4,3,0,1,1
0,221,4,0,5,3,0,1,1
0,221,3,0,4,3,0,1,0
0,221,5,0,4,3,1,0,1
0,191,2,0,5,1,1,0,0
0,191,0,0,5,1,1,1,0
0,191,3,0,5,1,0,1,0
0,191,4,0,5,1,0,1,1
0,191,0,0,5,1,1,0,0
0,191,6,0,5,1,1,0,1
0,191,9,0,5,2,1,1,1
0,191,1,0,5,2,0,1,1
0,191,7,0,5,1,0,1,0
0,191,5,0,5,1,0,1,1
0,191,5,0,5,1,1,0,1
0,191,1,0,5,1,1,1,0
0,191,8,0,5,1,1,1,0
0,191,4,0,4,3,1,1,1
0,191,2,0,5,1,0,1,1
0,191,9,0,5,3,0,1,1
0,244,5,0,5,1,1,0,1
0,244,4,0,5,1,0,1,1
0,244,9,0,4,1,1,1,1
0,244,7,0,5,1,0,1,0
0,244,0,0,5,1,1,0,0
0,244,3,0,5,1,0,1,0
0,244,9,0,5,2,0,1,1
0,244,4,0,5,3,1,1,1
0,244,0,0,5,1,1,1,0
0,244,5,0,5,1,0,1,1
0,244,2,0,3,3,1,0,0
0,244,2,0,2,2,0,1,1
0,244,1,0,5,1,1,1,0
0,244,8,0,5,1,1,1,0
0,244,6,0,5,1,1,0,1
0,244,1,0,4,2,0,1,1
0,236,6,0,5,3,1,0,1
0,236,4,0,4,4,1,1,1
0,236,3,0,5,3,0,1,0
0,236,2,0,5,4,0,1,1
0,236,5,0,5,3,0,1,1
0,236,1,0,5,3,0,1,1
0,236,0,0,4,4,1,1,0
0,236,7,0,4,2,0,1,0
0,236,9,0,4,2,0,1,1
0,236,9,0,5,3,1,1,1
0,236,5,0,4,2,1,0,1
0,236,4,0,5,2,0,1,1
0,236,0,0,4,3,1,0,0
0,236,8,0,4,3,1,1,0
0,236,1,0,3,4,1,1,0
0,236,2,0,5,1,1,0,0
2,187,7,0,5,1,1,1,0
2,187,5,0,5,3,1,1,0
2,187,5,0,5,1,0,0,1
2,187,4,0,5,2,1,0,0
2,187,2,0,5,4,1,1,0
2,187,7,0,5,2,0,0,0
2,187,6,0,4,5,1,1,1
2,187,3,0,5,1,0,1,1
2,187,8,0,4,1,0,1,1
2,187,6,0,4,4,1,1,0
2,187,1,0,5,1,0,1,0
2,187,2,0,5,1,1,0,1
2,187,3,0,5,1,0,0,1
2,187,4,0,5,1,0,0,1
2,187,9,0,2,5,1,1,0
2,187,0,0,5,1,0,0,1
2,147,5,0,5,1,0,0,1
2,147,7,0,3,3,0,0,0
2,147,3,0,4,4,0,1,1
2,147,2,0,5,2,1,0,1
2,147,9,0,5,2,1,1,0
2,147,6,0,5,4,1,1,1
2,147,7,0,4,4,1,1,0
2,147,1,0,3,5,0,1,0
2,147,4,0,4,5,1,0,0
2,147,3,0,4,4,0,0,1
2,147,0,0,3,4,0,0,1
2,147,2,0,4,4,1,1,0
2,147,4,0,4,4,0,0,1
2,147,5,0,3,4,1,1,0
2,147,6,0,3,4,1,1,0
2,147,8,0,3,5,0,1,1
2,210,9,0,4,2,1,1,0
2,210,3,0,5,1,0,0,1
2,210,5,0,5,1,0,0,1
2,210,8,0,5,1,0,1,1
2,210,4,0,5,1,1,0,0
2,210,5,0,5,1,1,1,0
2,210,1,0,5,1,0,1,0
2,210,7,0,5,1,0,0,0
2,210,4,0,5,1,0,0,1
2,210,2,0,2,4,1,1,0
2,210,3,0,5,1,0,1,1
2,210,0,0,5,5,0,0,1
2,210,2,0,4,2,1,0,1
2,210,7,0,5,1,1,1,0
2,210,6,0,5,4,1,1,1
2,210,6,0,5,2,1,1,0
2,167,6,0,4,1,1,1,1
2,167,5,0,5,1,1,1,0
2,167,4,0,5,2,1,0,0
2,167,2,0,4,1,1,1,0
2,167,5,0,5,1,0,0,1
2,167,2,0,4,1,1,0,1
2,167,9,0,4,1,1,1,0
2,167,6,0,4,1,1,1,0
2,167,1,0,4,1,0,1,0
2,167,0,0,5,1,0,0,1
2,167,7,0,4,1,0,0,0
2,167,8,0,4,1,0,1,1
2,167,7,0,4,1,1,1,0
2,167,4,0,5,1,0,0,1
2,167,3,0,2,1,0,0,1
2,167,3,0,2,1,0,1,1
2,157,7,0,4,3,1,1,0
2,157,6,0,4,2,1,1,0
2,157,9,0,3,2,1,1,0
2,157,7,0,4,3,0,0,0
2,157,4,0,3,2,1,0,0
2,157,3,0,4,2,0,1,1
2,157,5,0,2,3,1,1,0
2,157,3,0,4,2,0,0,1
2,157,4,0,4,2,0,0,1
2,157,5,0,4,2,0,0,1
2,157,0,0,3,3,0,0,1
2,157,2,0,3,2,1,1,0
2,157,6,0,4,2,1,1,1
2,157,1,0,3,2,0,1,0
2,157,8,0,3,3,0,1,1
2,157,2,0,3,3,1,0,1
2,152,6,0,4,1,1,1,0
2,152,7,0,5,1,0,0,0
2,152,2,0,4,2,1,1,0
2,152,5,0,3,3,1,1,0
2,152,3,0,3,2,0,1,1
2,152,2,0,4,2,1,0,1
2,152,3,0,4,2,0,0,1
2,152,0,0,4,1,0,0,1
2,152,1,0,4,3,0,1,0
2,152,5,0,5,1,0,0,1
2,152,9,0,4,2,1,1,0
2,152,4,0,4,2,1,0,0
2,152,8,0,3,3,0,1,1
2,152,4,0,4,1,0,0,1
2,152,7,0,4,2,1,1,0
2,152,6,0,4,2,1,1,1
2,137,2,0,4,2,1,1,0
2,137,9,0,4,2,1,1,0
2,137,3,0,5,1,0,0,1
2,137,7,0,4,2,1,1,0
2,137,6,0,4,2,1,1,0
2,137,6,0,4,2,1,1,1
2,137,3,0,5,1,0,1,1
2,137,8,0,4,2,0,1,1
2,137,7,0,4,2,0,0,0
2,137,4,0,4,2,0,0,1
2,137,0,0,4,2,0,0,1
2,137,5,0,4,2,1,1,0
2,137,1,0,4,2,0,1,0
2,137,5,0,4,2,0,0,1
2,137,4,0,4,2,1,0,0
2,137,2,0,4,2,1,0,1
2,162,0,0,4,1,0,0,1
2,162,2,0,3,3,1,0,1
2,162,8,0,3,2,0,1,1
2,162,4,0,5,1,1,0,0
2,162,3,0,5,1,0,0,1
2,162,5,0,4,1,0,0,1
2,162,1,0,4,1,0,1,0
2,162,7,0,4,2,1,1,0
2,162,6,0,4,2,1,1,0
2,162,7,0,4,1,0,0,0
2,162,3,0,5,1,0,1,1
2,162,9,0,4,2,1,1,0
2,162,4,0,5,1,0,0,1
2,162,5,0,4,2,1,1,0
2,162,2,0,3,3,1,1,0
2,162,6,0,4,2,1,1,1
2,220,3,0,4,2,0,1,1
2,220,2,0,4,2,1,0,1
2,220,6,0,4,2,1,1,1
2,220,6,0,4,2,1,1,0
2,220,0,0,4,2,0,0,1
2,220,8,0,3,4,0,1,1
2,220,5,0,5,2,0,0,1
2,220,4,0,5,2,0,0,1
2,220,9,0,3,3,1,1,0
2,220,4,0,2,4,1,0,0
2,220,3,0,4,4,0,0,1
2,220,7,0,4,3,1,1,0
2,220,5,0,4,2,1,1,0
2,220,2,0,3,4,1,1,0
2,220,1,0,2,3,0,1,0
2,220,7,0,2,4,0,0,0
2,177,0,0,5,2,0,0,1
2,177,9,0,4,2,1,1,0
2,177,7,0,5,1,1,1,0
2,177,4,0,5,1,0,0,1
2,177,1,0,4,1,0,1,0
2,177,6,0,4,3,1,1,1
2,177,8,0,4,2,0,1,1
2,177,7,0,4,1,0,0,0
2,177,3,0,4,2,0,1,1
2,177,5,0,5,1,0,0,1
2,177,2,0,4,2,1,0,1
2,177,6,0,4,2,1,1,0
2,177,5,0,4,2,1,1,0
2,177,2,0,4,3,1,1,0
2,177,4,0,4,3,1,0,0
2,177,3,0,4,2,0,0,1
2,243,7,0,4,2,1,1,0
2,243,6,0,5,1,1,1,0
2,243,9,0,2,3,1,1,0
2,243,4,0,4,2,1,0,0
2,243,0,0,4,2,0,0,1
2,243,8,0,3,2,0,1,1
2,243,7,0,3,2,0,0,0
2,243,2,0,4,2,1,1,0
2,243,1,0,4,3,0,1,0
2,243,2,0,4,2,1,0,1
2,243,5,0,2,4,1,1,0
2,243,5,0,5,1,0,0,1
2,243,3,0,4,3,0,0,1
2,243,6,0,5,1,1,1,1
2,243,4,0,4,2,0,0,1
2,243,3,0,4,3,0,1,1
2,125,5,0,5,1,1,1,0
2,125,6,0,5,4,1,1,1
2,125,6,0,5,4,1,1,0
2,125,5,0,5,1,0,0,1
2,125,7,0,5,1,0,0,0
2,125,4,0,5,1,0,0,1
2,125,3,0,5,1,0,1,1
2,125,9,0,5,1,1,1,0
2,125,2,0,5,1,1,1,0
2,125,8,0,5,1,0,1,1
2,125,2,0,5,1,1,0,1
2,125,4,0,5,1,1,0,0
2,125,3,0,5,1,0,0,1
2,125,7,0,5,1,1,1,0
2,125,1,0,5,1,0,1,0
2,125,0,0,5,4,0,0,1
2,120,4,0,4,1,0,0,1
2,120,5,0,4,1,1,1,0
2,120,9,0,4,1,1,1,0
2,120,8,0,5,1,0,1,1
2,120,7,0,5,1,0,0,0
2,120,4,0,3,2,1,0,0
2,120,2,0,4,2,1,0,1
2,120,3,0,4,1,0,0,1
2,120,1,0,4,1,0,1,0
2,120,2,0,4,1,1,1,0
2,120,0,0,4,1,0,0,1
2,120,3,0,3,2,0,1,1
2,120,5,0,5,1,0,0,1
2,120,7,0,4,1,1,1,0
2,120,6,0,3,2,1,1,0
2,120,6,0,3,2,1,1,1
2,224,1,0,3,2,0,1,0
2,224,4,0,5,1,0,0,1
2,224,6,0,3,3,1,1,0
2,224,2,0,3,2,1,1,0
2,224,5,0,3,1,1,1,0
2,224,9,0,2,1,1,1,0
2,224,4,0,5,1,1,0,0
2,224,2,0,3,2,1,0,1
2,224,3,0,3,1,0,1,1
2,224,0,0,3,2,0,0,1
2,224,7,0,4,2,1,1,0
2,224,5,0,4,2,0,0,1
2,224,6,0,4,2,1,1,1
2,224,7,0,3,2,0,0,0
2,224,8,0,4,1,0,1,1
2,224,3,0,3,2,0,0,1
2,216,4,0,5,4,1,0,0
2,216,5,0,5,2,0,0,1
2,216,9,0,4,2,1,1,0
2,216,2,0,4,4,1,1,0
2,216,7,0,4,4,1,1,0
2,216,0,0,4,2,0,0,1
2,216,7,0,4,2,0,0,0
2,216,8,0,4,4,0,1,1
2,216,3,0,3,4,0,0,1
2,216,5,0,4,2,1,1,0
2,216,6,0,3,4,1,1,0
2,216,4,0,4,2,0,0,1
2,216,1,0,4,2,0,1,0
2,216,3,0,3,4,0,1,1
2,216,2,0,4,4,1,0,1
2,216,6,0,3,4,1,1,1
2,195,3,0,4,1,0,1,1
2,195,5,0,5,1,0,0,1
2,195,7,0,4,2,1,1,0
2,195,4,0,5,1,0,0,1
2,195,5,0,5,1,1,1,0
2,195,6,0,4,2,1,1,1
2,195,4,0,5,1,1,0,0
2,195,3,0,5,1,0,0,1
2,195,6,0,4,2,1,1,0
2,195,9,0,3,1,1,1,0
2,195,2,0,4,1,1,0,1
2,195,2,0,4,2,1,1,0
2,195,0,0,5,1,0,0,1
2,195,1,0,5,1,0,1,0
2,195,7,0,4,1,0,0,0
2,195,8,0,5,1,0,1,1
2,230,4,0,5,2,0,0,1
2,230,1,0,4,4,0,1,0
2,230,3,0,5,1,0,0,1
2,230,7,0,5,1,0,0,0
2,230,6,0,4,4,1,1,0
2,230,3,0,5,1,0,1,1
2,230,5,0,4,4,1,1,0
2,230,2,0,5,1,1,0,1
2,230,7,0,4,1,1,1,0
2,230,6,0,5,5,1,1,1
2,230,0,0,5,1,0,0,1
2,230,4,0,4,1,1,0,0
2,230,5,0,5,5,0,0,1
2,230,9,0,4,4,1,1,0
2,230,2,0,4,4,1,1,0
2,230,8,0,4,4,0,1,1
2,141,8,0,4,2,0,1,1
2,141,5,0,4,3,1,1,0
2,141,4,0,5,3,0,0,1
2,141,6,0,4,4,1,1,0
2,141,7,0,4,3,1,1,0
2,141,2,0,5,5,1,0,1
2,141,2,0,5,5,1,1,0
2,141,9,0,3,3,1,1,0
2,141,3,0,4,2,0,1,1
2,141,7,0,4,2,0,0,0
2,141,5,0,5,2,0,0,1
2,141,1,0,4,2,0,1,0
2,141,0,0,5,3,0,0,1
2,141,4,0,4,2,1,0,0
2,141,6,0,5,5,1,1,1
2,141,3,0,4,2,0,0,1
2,182,2,0,5,1,1,0,1
2,182,1,0,3,2,0,1,0
2,182,4,0,4,1,0,0,1
2,182,7,0,4,1,1,1,0
2,182,3,0,5,1,0,0,1
2,182,8,0,3,2,0,1,1
2,182,2,0,3,1,1,1,0
2,182,5,0,5,1,0,0,1
2,182,7,0,4,2,0,0,0
2,182,4,0,4,1,1,0,0
2,182,6,0,2,3,1,1,0
2,182,0,0,3,2,0,0,1
2,182,9,0,3,4,1,1,0
2,182,5,0,3,3,1,1,0
2,182,6,0,3,4,1,1,1
2,182,3,0,3,3,0,1,1
2,205,9,0,4,2,1,1,0
2,205,4,0,5,2,0,0,1
2,205,5,0,5,2,0,0,1
2,205,7,0,4,2,0,0,0
2,205,3,0,4,1,0,1,1
2,205,2,0,4,2,1,1,0
2,205,8,0,4,2,0,1,1
2,205,2,0,4,3,1,0,1
2,205,6,0,4,4,1,1,1
2,205,0,0,4,2,0,0,1
2,205,3,0,4,2,0,0,1
2,205,1,0,4,2,0,1,0
2,205,5,0,4,2,1,1,0
2,205,7,0,4,4,1,1,0
2,205,4,0,4,3,1,0,0
2,205,6,0,4,4,1,1,0
2,130,3,0,4,1,0,1,1
2,130,7,0,5,1,0,0,0
2,130,3,0,5,1,0,0,1
2,130,5,0,5,1,1,1,0
2,130,4,0,5,1,0,0,1
2,130,5,0,5,1,0,0,1
2,130,2,0,5,1,1,0,1
2,130,8,0,5,1,0,1,1
2,130,6,0,4,1,1,1,1
2,130,2,0,5,1,1,1,0
2,130,0,0,5,1,0,0,1
2,130,7,0,5,1,1,1,0
2,130,1,0,5,1,0,1,0
2,130,4,0,5,1,1,0,0
2,130,6,0,5,1,1,1,0
2,130,9,0,5,1,1,1,0
2,172,5,0,5,1,0,0,1
2,172,8,0,5,1,0,1,1
2,172,6,0,5,4,1,1,0
2,172,2,0,2,5,1,1,0
2,172,5,0,4,2,1,1,0
2,172,0,0,5,1,0,0,1
2,172,1,0,5,3,0,1,0
2,172,7,0,4,3,0,0,0
2,172,6,0,4,4,1,1,1
2,172,3,0,5,1,0,0,1
2,172,4,0,5,1,0,0,1
2,172,3,0,5,1,0,1,1
2,172,9,0,3,2,1,1,0
2,172,2,0,1,5,1,0,1
2,172,4,0,5,1,1,0,0
2,172,7,0,5,4,1,1,0
2,235,7,0,4,2,1,1,0
2,235,8,0,4,2,0,1,1
2,235,5,0,5,2,0,0,1
2,235,3,0,5,2,0,1,1
2,235,1,0,4,2,0,1,0
2,235,6,0,4,2,1,1,1
2,235,3,0,4,2,0,0,1
2,235,2,0,4,2,1,1,0
2,235,2,0,4,2,1,0,1
2,235,7,0,4,2,0,0,0
2,235,4,0,4,2,0,0,1
2,235,4,0,4,2,1,0,0
2,235,0,0,4,2,0,0,1
2,235,9,0,4,2,1,1,0
2,235,6,0,4,2,1,1,0
2,235,5,0,4,2,1,1,0
3,238,3,0,3,3,0,0,0
3,238,5,0,3,3,1,1,1
3,238,4,0,4,3,0,0,0
3,238,4,0,4,3,1,1,0
3,238,9,0,3,3,0,1,0
3,238,3,0,4,3,1,1,0
3,238,8,0,4,3,1,0,1
3,238,6,0,3,3,0,0,1
3,238,6,0,3,3,0,1,0
3,238,7,0,4,3,0,1,1
3,238,1,0,3,3,0,0,1
3,238,5,0,3,3,0,0,0
3,238,0,0,3,3,1,1,1
3,238,0,0,4,3,0,0,0
3,238,9,0,3,4,0,0,0
3,238,2,0,3,3,0,1,0
3,198,0,0,4,3,0,1,1
3,198,7,0,4,4,1,1,1
3,198,4,0,5,2,1,0,1
3,198,3,0,5,2,1,0,0
3,198,5,0,5,1,0,1,0
3,198,6,0,5,3,1,0,0
3,198,8,0,5,2,1,1,1
3,198,3,0,3,4,1,1,1
3,198,5,0,5,1,1,0,0
3,198,9,0,5,1,0,0,1
3,198,7,0,5,1,1,0,0
3,198,9,0,5,2,1,0,1
3,198,2,0,4,4,1,1,1
3,198,1,0,5,1,1,0,1
3,198,2,0,5,2,0,0,1
3,198,8,0,5,1,0,0,1
3,233,1,0,5,1,1,0,1
3,233,2,0,5,1,1,1,1
3,233,3,0,4,1,1,1,1
3,233,0,0,5,1,0,1,1
3,233,8,0,4,1,0,0,1
3,233,2,0,5,1,0,0,1
3,233,5,0,4,1,1,0,0
3,233,5,0,3,1,0,1,0
3,233,3,0,5,1,1,0,0
3,233,4,0,4,1,1,0,1
3,233,6,0,5,1,1,0,0
3,233,9,0,3,1,1,0,1
3,233,9,0,5,1,0,0,1
3,233,8,0,2,2,1,1,1
3,233,7,0,5,1,1,0,0
3,233,7,0,3,2,1,1,1
3,149,9,0,5,3,1,0,1
3,149,8,0,5,4,1,1,1
3,149,2,0,1,5,1,1,1
3,149,0,0,2,3,0,1,1
3,149,7,0,5,2,1,1,1
3,149,6,0,5,5,1,0,0
3,149,9,0,5,4,0,0,1
3,149,8,0,4,2,0,0,1
3,149,5,0,5,2,0,1,0
3,149,3,0,3,2,1,1,1
3,149,5,0,4,2,1,0,0
3,149,2,0,4,2,0,0,1
3,149,3,0,4,2,1,0,0
3,149,1,0,4,2,1,0,1
3,149,7,0,4,2,1,0,0
3,149,4,0,4,2,1,0,1
3,223,2,0,4,2,0,0,1
3,223,7,0,4,2,1,0,0
3,223,9,0,4,2,0,0,1
3,223,2,0,3,4,1,1,1
3,223,5,0,4,2,1,0,0
3,223,9,0,4,4,1,0,1
3,223,4,0,4,2,1,0,1
3,223,0,0,4,2,0,1,1
3,223,8,0,4,2,0,0,1
3,223,6,0,4,2,1,0,0
3,223,3,0,4,2,1,0,0
3,223,5,0,4,2,0,1,0
3,223,8,0,4,2,1,1,1
3,223,3,0,4,2,1,1,1
3,223,1,0,4,2,1,0,1
3,223,7,0,4,2,1,1,1
3,228,7,0,5,1,1,1,1
3,228,9,0,5,1,0,0,1
3,228,8,0,4,2,1,1,1
3,228,3,0,5,1,1,0,0
3,228,2,0,1,4,1,1,1
3,228,5,0,5,1,0,1,0
3,228,2,0,5,1,0,0,1
3,228,4,0,5,1,1,0,1
3,228,7,0,5,1,1,0,0
3,228,0,0,5,2,0,1,1
3,228,8,0,5,1,0,0,1
3,228,5,0,5,1,1,0,0
3,228,1,0,5,1,1,0,1
3,228,9,0,5,1,1,0,1
3,228,6,0,5,1,1,0,0
3,228,3,0,4,2,1,1,1
3,175,4,0,4,5,1,0,1
3,175,1,0,4,2,1,0,1
3,175,7,0,3,4,1,0,0
3,175,7,0,5,2,1,1,1
3,175,0,0,4,4,0,1,1
3,175,5,0,4,2,0,1,0
3,175,6,0,4,3,1,0,0
3,175,5,0,4,2,1,0,0
3,175,3,0,4,1,1,1,1
3,175,9,0,5,1,0,0,1
3,175,2,0,4,2,1,1,1
3,175,2,0,4,3,0,0,1
3,175,8,0,4,2,1,1,1
3,175,3,0,3,2,1,0,0
3,175,8,0,2,4,0,0,1
3,175,9,0,2,4,1,0,1
3,139,0,0,4,4,0,1,1
3,139,7,0,5,4,1,1,1
3,139,7,0,5,2,1,0,0
3,139,9,0,5,3,0,0,1
3,139,3,0,3,4,1,1,1
3,139,8,0,3,5,1,1,1
3,139,9,0,4,4,1,0,1
3,139,6,0,4,3,1,0,0
3,139,1,0,5,2,1,0,1
3,139,3,0,5,2,1,0,0
3,139,5,0,5,3,0,1,0
3,139,5,0,5,2,1,0,0
3,139,4,0,5,1,1,0,1
3,139,8,0,5,2,0,0,1
3,139,2,0,4,4,1,1,1
3,139,2,0,5,2,0,0,1
3,117,0,0,3,2,0,1,1
3,117,3,0,4,2,1,1,1
3,117,2,0,2,2,0,0,1
3,117,6,0,4,2,1,0,0
3,117,9,0,2,2,1,0,1
3,117,5,0,4,2,0,1,0
3,117,7,0,4,4,1,1,1
3,117,2,0,2,4,1,1,1
3,117,9,0,4,3,0,0,1
3,117,8,0,4,2,1,1,1
3,117,7,0,4,2,1,0,0
3,117,3,0,4,2,1,0,0
3,117,1,0,4,2,1,0,1
3,117,8,0,4,2,0,0,1
3,117,5,0,4,2,1,0,0
3,117,4,0,4,2,1,0,1
3,154,9,0,4,2,1,0,1
3,154,4,0,4,2,1,0,1
3,154,2,0,4,4,1,1,1
3,154,9,0,4,1,0,0,1
3,154,1,0,4,1,1,0,1
3,154,3,0,4,2,1,1,1
3,154,0,0,4,4,0,1,1
3,154,8,0,4,3,1,1,1
3,154,7,0,4,2,1,1,1
3,154,5,0,3,2,0,1,0
3,154,8,0,5,4,0,0,1
3,154,6,0,4,4,1,0,0
3,154,5,0,4,4,1,0,0
3,154,3,0,4,4,1,0,0
3,154,7,0,4,4,1,0,0
3,154,2,0,4,5,0,0,1
3,169,7,0,4,1,1,0,0
3,169,9,0,5,2,0,0,1
3,169,8,0,3,1,0,0,1
3,169,4,0,4,4,1,0,1
3,169,7,0,4,2,1,1,1
3,169,3,0,5,3,1,0,0
3,169,2,0,4,4,0,0,1
3,169,5,0,4,3,1,0,0
3,169,3,0,5,2,1,1,1
3,169,2,0,5,2,1,1,1
3,169,0,0,2,5,0,1,1
3,169,1,0,5,1,1,0,1
3,169,6,0,5,1,1,0,0
3,169,8,0,5,1,1,1,1
3,169,5,0,3,3,0,1,0
3,169,9,0,5,4,1,0,1
3,159,5,0,5,1,0,1,0
3,159,8,0,5,1,0,0,1
3,159,8,0,5,1,1,1,1
3,159,0,0,5,1,0,1,1
3,159,9,0,5,1,0,0,1
3,159,7,0,5,1,1,1,1
3,159,2,0,5,1,1,1,1
3,159,7,0,5,1,1,0,0
3,159,4,0,5,1,1,0,1
3,159,2,0,5,1,0,0,1
3,159,3,0,5,1,1,0,0
3,159,1,0,5,1,1,0,1
3,159,6,0,5,1,1,0,0
3,159,9,0,5,1,1,0,1
3,159,3,0,5,1,1,1,1
3,159,5,0,5,1,1,0,0
3,185,2,0,5,1,0,0,1
3,185,3,0,5,1,1,0,0
3,185,2,0,5,1,1,1,1
3,185,3,0,5,1,1,1,1
3,185,7,0,5,1,1,0,0
3,185,9,0,5,1,0,0,1
3,185,0,0,5,1,0,1,1
3,185,7,0,5,1,1,1,1
3,185,6,0,5,1,1,0,0
3,185,8,0,5,1,1,1,1
3,185,1,0,5,1,1,0,1
3,185,9,0,5,1,1,0,1
3,185,8,0,5,1,0,0,1
3,185,4,0,5,1,1,0,1
3,185,5,0,5,1,1,0,0
3,185,5,0,5,1,0,1,0
3,203,8,0,3,2,0,0,1
3,203,9,0,3,4,1,0,1
3,203,7,0,4,3,1,1,1
3,203,1,0,4,4,1,0,1
3,203,8,0,4,2,1,1,1
3,203,5,0,4,4,1,0,0
3,203,2,0,4,3,0,0,1
3,203,4,0,4,4,1,0,1
3,203,2,0,3,3,1,1,1
3,203,3,0,4,5,1,1,1
3,203,0,0,4,3,0,1,1
3,203,7,0,4,3,1,0,0
3,203,5,0,4,4,0,1,0
3,203,6,0,3,3,1,0,0
3,203,3,0,4,4,1,0,0
3,203,9,0,4,3,0,0,1
3,134,3,0,4,2,1,1,1
3,134,9,0,5,2,0,0,1
3,134,1,0,5,2,1,0,1
3,134,7,0,4,2,1,1,1
3,134,0,0,4,2,0,1,1
3,134,2,0,4,4,1,1,1
3,134,4,0,4,4,1,0,1
3,134,5,0,4,4,0,1,0
3,134,7,0,4,4,1,0,0
3,134,8,0,4,2,1,1,1
3,134,6,0,4,4,1,0,0
3,134,3,0,4,4,1,0,0
3,134,2,0,4,2,0,0,1
3,134,9,0,4,2,1,0,1
3,134,8,0,4,4,0,0,1
3,134,5,0,4,4,1,0,0
3,245,7,0,3,4,1,0,0
3,245,3,0,3,2,1,0,0
3,245,5,0,3,3,1,0,0
3,245,4,0,4,2,1,0,1
3,245,9,0,3,4,0,0,1
3,245,5,0,2,3,0,1,0
3,245,2,0,4,2,0,0,1
3,245,0,0,4,2,0,1,1
3,245,1,0,3,3,1,0,1
3,245,8,0,4,4,1,1,1
3,245,3,0,3,3,1,1,1
3,245,7,0,4,4,1,1,1
3,245,9,0,4,2,1,0,1
3,245,2,0,4,4,1,1,1
3,245,6,0,2,3,1,0,0
3,245,8,0,3,3,0,0,1
3,208,3,0,5,1,1,0,0
3,208,4,0,5,1,1,0,1
3,208,9,0,4,2,1,0,1
3,208,6,0,5,2,1,0,0
3,208,8,0,4,4,1,1,1
3,208,5,0,5,4,1,0,0
3,208,8,0,4,4,0,0,1
3,208,7,0,4,5,1,1,1
3,208,1,0,4,2,1,0,1
3,208,0,0,5,3,0,1,1
3,208,7,0,5,2,1,0,0
3,208,3,0,4,4,1,1,1
3,208,5,0,5,4,0,1,0
3,208,2,0,5,4,1,1,1
3,208,2,0,4,2,0,0,1
3,208,9,0,4,2,0,0,1
3,180,8,0,4,3,1,1,1
3,180,7,0,5,1,1,0,0
3,180,1,0,5,4,1,0,1
3,180,3,0,5,1,1,0,0
3,180,4,0,5,3,1,0,1
3,180,6,0,4,4,1,0,0
3,180,5,0,4,2,1,0,0
3,180,2,0,1,5,1,1,1
3,180,9,0,5,3,0,0,1
3,180,7,0,4,2,1,1,1
3,180,8,0,5,2,0,0,1
3,180,3,0,4,2,1,1,1
3,180,2,0,5,1,0,0,1
3,180,5,0,4,2,0,1,0
3,180,9,0,5,1,1,0,1
3,180,0,0,2,4,0,1,1
3,213,2,0,4,4,1,1,1
3,213,0,0,4,2,0,1,1
3,213,8,0,4,2,1,1,1
3,213,7,0,4,2,1,0,0
3,213,6,0,4,3,1,0,0
3,213,8,0,4,2,0,0,1
3,213,7,0,4,2,1,1,1
3,213,9,0,4,2,1,0,1
3,213,3,0,4,2,1,0,0
3,213,1,0,4,2,1,0,1
3,213,2,0,4,3,0,0,1
3,213,4,0,4,2,1,0,1
3,213,5,0,4,3,0,1,0
3,213,9,0,4,2,0,0,1
3,213,3,0,4,3,1,1,1
3,213,5,0,4,3,1,0,0
3,124,8,0,4,2,1,1,1
3,124,1,0,5,1,1,0,1
3,124,7,0,2,2,1,1,1
3,124,5,0,5,1,0,1,0
3,124,3,0,5,4,1,0,0
3,124,0,0,4,1,0,1,1
3,124,7,0,2,1,1,0,0
3,124,3,0,4,1,1,1,1
3,124,5,0,5,1,1,0,0
3,124,9,0,5,1,0,0,1
3,124,9,0,4,1,1,0,1
3,124,4,0,5,4,1,0,1
3,124,6,0,5,1,1,0,0
3,124,8,0,5,1,0,0,1
3,124,2,0,5,1,1,1,1
3,124,2,0,5,1,0,0,1
3,144,7,0,4,2,1,1,1
3,144,7,0,5,1,1,0,0
3,144,8,0,5,1,0,0,1
3,144,3,0,4,1,1,1,1
3,144,2,0,3,2,1,1,1
3,144,2,0,5,1,0,0,1
3,144,3,0,5,1,1,0,0
3,144,6,0,5,1,1,0,0
3,144,9,0,5,1,0,0,1
3,144,0,0,4,3,0,1,1
3,144,1,0,5,1,1,0,1
3,144,4,0,5,1,1,0,1
3,144,8,0,3,2,1,1,1
3,144,5,0,5,1,0,1,0
3,144,5,0,5,1,1,0,0
3,144,9,0,5,1,1,0,1
3,164,5,0,2,2,1,0,0
3,164,2,0,4,1,1,1,1
3,164,9,0,4,2,0,0,1
3,164,2,0,2,2,0,0,1
3,164,8,0,4,2,0,0,1
3,164,3,0,5,4,1,1,1
3,164,5,0,4,4,0,1,0
3,164,3,0,4,2,1,0,0
3,164,7,0,4,2,1,1,1
3,164,1,0,4,2,1,0,1
3,164,6,0,2,3,1,0,0
3,164,9,0,2,4,1,0,1
3,164,4,0,4,2,1,0,1
3,164,8,0,2,4,1,1,1
3,164,0,0,5,4,0,1,1
3,164,7,0,4,4,1,0,0
4,123,3,0,4,2,1,0,1
4,123,1,0,4,2,0,0,0
4,123,7,0,4,2,0,0,1
4,123,6,0,4,4,0,1,1
4,123,7,0,4,2,1,0,1
4,123,9,0,4,4,1,0,0
4,123,4,0,4,2,0,1,0
4,123,6,0,4,2,0,0,0
4,123,8,0,4,2,1,0,0
4,123,8,0,4,2,0,1,0
4,123,1,0,4,2,1,0,0
4,123,0,0,4,2,1,0,1
4,123,8,0,4,2,0,0,0
4,123,1,0,4,4,1,1,1
4,123,0,0,4,2,0,1,0
4,123,2,0,3,2,0,0,0
4,186,3,0,5,1,1,0,1
4,186,8,0,4,1,0,0,0
4,186,6,0,4,3,0,0,0
4,186,2,0,5,1,0,0,0
4,186,1,0,4,3,0,0,0
4,186,4,0,5,1,0,1,0
4,186,7,0,5,1,0,0,1
4,186,0,0,5,2,1,0,1
4,186,8,0,5,2,0,1,0
4,186,0,0,5,3,0,1,0
4,186,1,0,5,1,1,0,0
4,186,1,0,5,1,1,1,1
4,186,8,0,5,1,1,0,0
4,186,7,0,5,1,1,0,1
4,186,6,0,4,3,0,1,1
4,186,9,0,5,2,1,0,0
4,219,2,0,5,2,0,0,0
4,219,1,0,5,2,0,0,0
4,219,8,0,4,2,1,0,0
4,219,0,0,4,2,0,1,0
4,219,0,0,5,2,1,0,1
4,219,6,0,5,2,0,0,0
4,219,9,0,3,2,1,0,0
4,219,4,0,5,2,0,1,0
4,219,8,0,4,2,0,0,0
4,219,8,0,2,2,0,1,0
4,219,6,0,5,2,0,1,1
4,219,3,0,4,2,1,0,1
4,219,1,0,5,2,1,0,0
4,219,7,0,5,2,0,0,1
4,219,1,0,4,2,1,1,1
4,219,7,0,5,2,1,0,1
4,142,3,0,4,1,1,0,1
4,142,4,0,4,1,0,1,0
4,142,6,0,4,1,0,0,0
4,142,0,0,5,1,1,0,1
4,142,8,0,4,1,0,0,0
4,142,0,0,3,3,0,1,0
4,142,6,0,4,1,0,1,1
4,142,7,0,4,1,1,0,1
4,142,9,0,1,5,1,0,0
4,142,2,0,4,1,0,0,0
4,142,1,0,4,1,1,1,1
4,142,8,0,4,1,1,0,0
4,142,1,0,4,1,1,0,0
4,142,7,0,4,1,0,0,1
4,142,8,0,4,1,0,1,0
4,142,1,0,4,1,0,0,0
4,181,9,0,5,2,1,0,0
4,181,6,0,4,2,0,0,0
4,181,2,0,4,4,0,0,0
4,181,7,0,4,2,0,0,1
4,181,1,0,3,4,0,0,0
4,181,8,0,4,2,0,1,0
4,181,6,0,4,3,0,1,1
4,181,3,0,4,2,1,0,1
4,181,0,0,5,2,0,1,0
4,181,1,0,4,1,1,0,0
4,181,7,0,4,2,1,0,1
4,181,0,0,5,2,1,0,1
4,181,8,0,5,2,1,0,0
4,181,8,0,3,2,0,0,0
4,181,1,0,5,3,1,1,1
4,181,4,0,4,2,0,1,0
4,136,3,0,5,1,1,0,1
4,136,1,0,5,1,1,0,0
4,136,6,0,4,2,0,1,1
4,136,9,0,5,1,1,0,0
4,136,7,0,5,1,1,0,1
4,136,0,0,4,1,0,1,0
4,136,1,0,5,4,1,1,1
4,136,7,0,5,4,0,0,1
4,136,8,0,5,1,1,0,0
4,136,1,0,4,3,0,0,0
4,136,0,0,5,3,1,0,1
4,136,6,0,5,4,0,0,0
4,136,4,0,5,2,0,1,0
4,136,8,0,5,3,0,1,0
4,136,2,0,4,3,0,0,0
4,136,8,0,4,1,0,0,0
4,156,1,0,4,1,1,0,0
4,156,1,0,4,1,0,0,0
4,156,1,0,3,3,1,1,1
4,156,2,0,4,2,0,0,0
4,156,6,0,4,1,0,1,1
4,156,9,0,4,1,1,0,0
4,156,8,0,4,1,1,0,0
4,156,7,0,4,1,1,0,1
4,156,8,0,3,3,0,1,0
4,156,0,0,3,3,0,1,0
4,156,0,0,4,1,1,0,1
4,156,8,0,3,3,0,0,0
4,156,6,0,3,2,0,0,0
4,156,3,0,4,1,1,0,1
4,156,4,0,4,1,0,1,0
4,156,7,0,3,2,0,0,1
4,234,9,0,4,1,0,1,0
4,234,4,0,2,1,0,0,0
4,234,9,0,3,3,0,0,0
4,234,6,0,4,2,0,1,0
4,234,0,0,5,1,1,1,1
4,234,5,0,2,4,0,0,0
4,234,4,0,4,1,1,1,0
4,234,3,0,5,1,1,1,0
4,234,3,0,2,2,0,0,0
4,234,6,0,5,1,0,0,1
4,234,0,0,2,1,0,0,0
4,234,5,0,4,4,1,1,1
4,234,7,0,4,1,0,1,1
4,234,8,0,5,1,1,0,1
4,234,1,0,5,1,0,0,1
4,234,2,0,4,3,0,1,0
4,119,7,0,4,1,1,0,1
4,119,6,0,4,2,0,1,1
4,119,8,0,4,2,1,0,0
4,119,1,0,4,2,0,0,0
4,119,1,0,4,2,1,1,1
4,119,2,0,4,2,0,0,0
4,119,3,0,4,2,1,0,1
4,119,6,0,4,2,0,0,0
4,119,1,0,4,2,1,0,0
4,119,9,0,4,2,1,0,0
4,119,8,0,4,2,0,0,0
4,119,7,0,4,2,0,0,1
4,119,8,0,4,2,0,1,0
4,119,4,0,4,2,0,1,0
4,119,0,0,4,2,1,0,1
4,119,0,0,4,2,0,1,0
4,171,8,0,3,2,1,0,0
4,171,0,0,5,1,1,0,1
4,171,4,0,5,2,0,1,0
4,171,8,0,4,2,0,0,0
4,171,1,0,4,3,0,0,0
4,171,9,0,2,4,1,0,0
4,171,7,0,4,1,0,0,1
4,171,8,0,4,2,0,1,0
4,171,2,0,4,1,0,0,0
4,171,0,0,5,3,0,1,0
4,171,1,0,4,2,1,1,1
4,171,1,0,4,2,1,0,0
4,171,3,0,4,2,1,0,1
4,171,6,0,4,1,0,0,0
4,171,7,0,4,1,1,0,1
4,171,6,0,4,2,0,1,1
4,199,6,0,4,2,0,0,0
4,199,1,0,5,3,0,0,0
4,199,8,0,5,1,1,0,0
4,199,6,0,4,3,0,1,1
4,199,1,0,3,3,1,1,1
4,199,9,0,4,3,1,0,0
4,199,7,0,3,2,1,0,1
4,199,1,0,3,3,1,0,0
4,199,0,0,4,2,0,1,0
4,199,8,0,3,2,0,1,0
4,199,8,0,3,2,0,0,0
4,199,3,0,3,3,1,0,1
4,199,7,0,3,3,0,0,1
4,199,2,0,4,2,0,0,0
4,199,4,0,4,3,0,1,0
4,199,0,0,3,4,1,0,1
4,225,0,0,3,3,1,0,1
4,225,8,0,3,4,0,0,0
4,225,1,0,4,3,1,0,0
4,225,7,0,4,3,1,0,1
4,225,1,0,3,3,0,0,0
4,225,4,0,2,3,0,1,0
4,225,9,0,3,3,1,0,0
4,225,1,0,4,3,1,1,1
4,225,0,0,3,3,0,1,0
4,225,3,0,4,4,1,0,1
4,225,8,0,3,4,0,1,0
4,225,8,0,4,3,1,0,0
4,225,7,0,3,3,0,0,1
4,225,6,0,3,4,0,0,0
4,225,2,0,4,3,0,0,0
4,225,6,0,3,3,0,1,1
4,209,8,0,4,2,0,0,0
4,209,7,0,4,2,0,0,1
4,209,1,0,4,2,0,0,0
4,209,8,0,4,2,0,1,0
4,209,2,0,4,2,0,0,0
4,209,8,0,3,2,1,0,0
4,209,6,0,3,2,0,0,0
4,209,7,0,4,2,1,0,1
4,209,9,0,2,2,1,0,0
4,209,1,0,4,2,1,0,0
4,209,1,0,3,4,1,1,1
4,209,3,0,4,3,1,0,1
4,209,0,0,3,2,1,0,1
4,209,6,0,4,3,0,1,1
4,209,0,0,3,3,0,1,0
4,209,4,0,4,2,0,1,0
4,204,0,0,5,2,0,1,0
4,204,1,0,5,1,0,0,0
4,204,0,0,4,2,1,0,1
4,204,1,0,5,3,1,1,1
4,204,7,0,5,2,0,0,1
4,204,4,0,5,2,0,1,0
4,204,8,0,5,3,1,0,0
4,204,6,0,5,1,0,0,0
4,204,6,0,5,1,0,1,1
4,204,9,0,5,4,1,0,0
4,204,8,0,5,1,0,1,0
4,204,7,0,5,4,1,0,1
4,204,1,0,5,4,1,0,0
4,204,3,0,5,4,1,0,1
4,204,8,0,5,2,0,0,0
4,204,2,0,5,5,0,0,0
4,176,7,0,5,1,1,0,1
4,176,7,0,4,2,0,0,1
4,176,8,0,3,3,0,1,0
4,176,6,0,3,2,0,1,1
4,176,0,0,4,3,0,1,0
4,176,9,0,5,1,1,0,0
4,176,0,0,4,2,1,0,1
4,176,6,0,3,3,0,0,0
4,176,4,0,4,2,0,1,0
4,176,1,0,3,3,1,1,1
4,176,2,0,3,2,0,0,0
4,176,3,0,4,2,1,0,1
4,176,1,0,3,1,0,0,0
4,176,8,0,3,2,0,0,0
4,176,1,0,3,2,1,0,0
4,176,8,0,3,1,1,0,0
4,161,0,0,4,4,0,1,0
4,161,7,0,5,1,1,0,1
4,161,4,0,4,4,0,1,0
4,161,8,0,4,4,0,1,0
4,161,1,0,4,4,1,1,1
4,161,1,0,4,1,0,0,0
4,161,2,0,4,1,0,0,0
4,161,6,0,4,4,0,1,1
4,161,3,0,4,1,1,0,1
4,161,1,0,4,1,1,0,0
4,161,7,0,4,1,0,0,1
4,161,9,0,4,4,1,0,0
4,161,8,0,4,4,0,0,0
4,161,0,0,4,1,1,0,1
4,161,8,0,4,1,1,0,0
4,161,6,0,4,1,0,0,0
4,229,6,0,3,2,0,1,1
4,229,9,0,4,2,1,0,0
4,229,8,0,4,1,0,1,0
4,229,0,0,4,1,0,1,0
4,229,6,0,4,1,0,0,0
4,229,8,0,4,1,0,0,0
4,229,7,0,4,1,0,0,1
4,229,7,0,4,1,1,0,1
4,229,1,0,4,1,1,0,0
4,229,2,0,4,1,0,0,0
4,229,8,0,4,1,1,0,0
4,229,1,0,4,1,1,1,1
4,229,0,0,4,1,1,0,1
4,229,4,0,3,1,0,1,0
4,229,3,0,4,1,1,0,1
4,229,1,0,4,1,0,0,0
4,128,7,0,4,4,0,0,1
4,128,4,0,2,2,0,1,0
4,128,8,0,4,4,1,0,0
4,128,0,0,4,4,1,0,1
4,128,2,0,2,3,0,0,0
4,128,7,0,4,2,1,0,1
4,128,1,0,4,4,1,0,0
4,128,1,0,2,2,1,1,1
4,128,0,0,4,4,0,1,0
4,128,9,0,2,2,1,0,0
4,128,1,0,4,4,0,0,0
4,128,6,0,4,4,0,0,0
4,128,8,0,4,4,0,1,0
4,128,8,0,2,2,0,0,0
4,128,3,0,2,2,1,0,1
4,128,6,0,2,3,0,1,1
4,194,0,0,4,2,0,1,0
4,194,2,0,5,2,0,0,0
4,194,1,0,5,1,1,0,0
4,194,8,0,5,1,0,0,0
4,194,1,0,5,1,1,1,1
4,194,0,0,5,1,1,0,1
4,194,4,0,5,1,0,1,0
4,194,6,0,5,1,0,1,1
4,194,1,0,5,1,0,0,0
4,194,6,0,5,1,0,0,0
4,194,7,0,5,1,1,0,1
4,194,8,0,5,1,0,1,0
4,194,7,0,5,1,0,0,1
4,194,3,0,5,1,1,0,1
4,194,9,0,2,3,1,0,0
4,194,8,0,4,2,1,0,0
4,151,1,0,4,1,1,0,0
4,151,0,0,4,2,1,0,1
4,151,8,0,5,1,0,0,0
4,151,4,0,5,1,0,1,0
4,151,6,0,4,1,0,1,1
4,151,8,0,4,2,1,0,0
4,151,2,0,4,2,0,0,0
4,151,9,0,4,2,1,0,0
4,151,6,0,4,1,0,0,0
4,151,1,0,4,2,1,1,1
4,151,7,0,5,2,0,0,1
4,151,3,0,5,1,1,0,1
4,151,0,0,3,2,0,1,0
4,151,1,0,5,2,0,0,0
4,151,7,0,5,2,1,0,1
4,151,8,0,4,2,0,1,0
4,166,8,0,4,1,0,1,0
4,166,7,0,4,2,0,0,1
4,166,8,0,4,3,1,0,0
4,166,4,0,5,2,0,1,0
4,166,3,0,4,1,1,0,1
4,166,1,0,4,1,1,0,0
4,166,8,0,4,2,0,0,0
4,166,7,0,4,2,1,0,1
4,166,2,0,4,2,0,0,0
4,166,6,0,4,3,0,0,0
4,166,9,0,3,3,1,0,0
4,166,1,0,4,2,1,1,1
4,166,6,0,4,3,0,1,1
4,166,0,0,4,3,0,1,0
4,166,0,0,4,2,1,0,1
4,166,1,0,4,3,0,0,0
4,146,4,0,5,3,0,0,1
4,146,5,0,5,2,0,0,1
4,146,0,0,4,2,0,0,1
4,146,7,0,4,2,1,1,0
4,146,6,0,4,4,1,1,1
4,146,1,0,4,2,0,1,0
4,146,7,0,4,2,0,0,0
4,146,8,0,4,4,0,1,1
4,146,2,0,4,3,1,1,0
4,146,3,0,4,2,0,0,1
4,146,4,0,4,2,1,0,0
4,146,5,0,4,2,1,1,0
4,146,2,0,4,2,1,0,1
4,146,3,0,4,2,0,1,1
4,146,6,0,4,4,1,1,0
4,146,9,0,4,3,1,1,0
4,215,0,0,4,2,0,1,0
4,215,2,0,5,1,0,0,0
4,215,8,0,4,2,1,0,0
4,215,0,0,5,1,1,0,1
4,215,8,0,4,2,0,0,0
4,215,1,0,4,1,0,0,0
4,215,8,0,4,2,0,1,0
4,215,1,0,4,1,1,0,0
4,215,9,0,5,2,1,0,0
4,215,6,0,5,2,0,0,0
4,215,7,0,4,3,0,0,1
4,215,1,0,5,2,1,1,1
4,215,3,0,5,2,1,0,1
4,215,7,0,5,1,1,0,1
4,215,4,0,5,3,0,1,0
4,215,6,0,4,2,0,1,1
1,232,3,0,5,2,1,1,0
1,232,5,0,5,2,1,1,1
1,232,9,0,5,3,0,0,0
1,232,4,0,5,2,1,1,0
1,232,2,0,5,2,0,1,0
1,232,7,0,5,3,0,1,1
1,232,0,0,5,3,0,0,0
1,232,6,0,5,2,0,1,0
1,232,4,0,5,3,0,0,0
1,232,0,0,5,2,1,1,1
1,232,9,0,5,2,0,1,0
1,232,8,0,4,2,1,0,1
1,232,6,0,5,2,0,0,1
1,232,5,0,5,3,0,0,0
1,232,1,0,5,3,0,0,1
1,232,3,0,5,2,0,0,0
1,207,0,0,4,1,1,1,1
1,207,8,0,4,1,1,0,1
1,207,0,0,4,1,0,0,0
1,207,5,0,5,1,0,0,0
1,207,4,0,5,1,0,0,0
1,207,3,0,5,1,1,1,0
1,207,2,0,4,1,0,1,0
1,207,7,0,1,4,0,1,1
1,207,4,0,2,3,1,1,0
1,207,9,0,5,1,0,0,0
1,207,6,0,3,2,0,0,1
1,207,3,0,4,1,0,0,0
1,207,1,0,4,1,0,0,1
1,207,9,0,4,2,0,1,0
1,207,6,0,3,2,0,1,0
1,207,5,0,4,1,1,1,1
1,150,5,0,5,2,0,0,0
1,150,5,0,4,2,1,1,1
1,150,6,0,4,2,0,1,0
1,150,1,0,5,2,0,0,1
1,150,6,0,5,1,0,0,1
1,150,9,0,4,2,0,1,0
1,150,3,0,4,2,1,1,0
1,150,3,0,5,1,0,0,0
1,150,8,0,2,4,1,0,1
1,150,2,0,5,3,0,1,0
1,150,0,0,4,2,0,0,0
1,150,4,0,4,3,1,1,0
1,150,0,0,4,3,1,1,1
1,150,4,0,5,4,0,0,0
1,150,7,0,4,2,0,1,1
1,150,9,0,4,1,0,0,0
1,193,6,0,3,3,0,1,0
1,193,1,0,5,1,0,0,1
1,193,0,0,5,1,0,0,0
1,193,4,0,4,3,1,1,0
1,193,5,0,5,1,0,0,0
1,193,8,0,5,1,1,0,1
1,193,2,0,5,1,0,1,0
1,193,3,0,4,1,1,1,0
1,193,7,0,4,1,0,1,1
1,193,9,0,5,1,0,1,0
1,193,5,0,5,1,1,1,1
1,193,0,0,5,1,1,1,1
1,193,4,0,5,1,0,0,0
1,193,9,0,5,1,0,0,0
1,193,3,0,5,1,0,0,0
1,193,6,0,4,1,0,0,1
1,190,6,0,4,1,0,1,0
1,190,0,0,5,1,0,0,0
1,190,2,0,5,1,0,1,0
1,190,1,0,5,1,0,0,1
1,190,3,0,5,1,1,1,0
1,190,6,0,5,1,0,0,1
1,190,4,0,5,2,1,1,0
1,190,5,0,5,1,0,0,0
1,190,0,0,5,2,1,1,1
1,190,4,0,5,1,0,0,0
1,190,3,0,5,1,0,0,0
1,190,9,0,5,2,0,1,0
1,190,5,0,5,2,1,1,1
1,190,8,0,5,1,1,0,1
1,190,9,0,5,1,0,0,0
1,190,7,0,5,2,0,1,1
1,189,3,0,3,1,1,1,0
1,189,0,0,5,1,1,1,1
1,189,4,0,5,1,0,0,0
1,189,1,0,5,1,0,0,1
1,189,9,0,5,1,0,0,0
1,189,9,0,5,1,0,1,0
1,189,8,0,5,1,1,0,1
1,189,5,0,5,1,0,0,0
1,189,7,0,5,1,0,1,1
1,189,2,0,4,1,0,1,0
1,189,6,0,4,1,0,0,1
1,189,6,0,4,1,0,1,0
1,189,0,0,3,4,0,0,0
1,189,4,0,5,2,1,1,0
1,189,5,0,2,4,1,1,1
1,189,3,0,3,2,0,0,0
1,165,2,0,5,1,1,0,1
1,165,5,0,5,1,0,0,1
1,165,6,0,2,4,1,1,0
1,165,4,0,5,1,0,0,1
1,165,1,0,4,2,0,1,0
1,165,3,0,5,1,0,0,1
1,165,7,0,4,2,1,1,0
1,165,3,0,5,1,0,1,1
1,165,0,0,5,1,0,0,1
1,165,7,0,5,1,0,0,0
1,165,5,0,3,3,1,1,0
1,165,8,0,4,2,0,1,1
1,165,4,0,5,1,1,0,0
1,165,6,0,4,2,1,1,1
1,165,9,0,4,2,1,1,0
1,165,2,0,4,2,1,1,0
1,145,6,0,3,3,0,1,0
1,145,3,0,3,2,0,0,0
1,145,5,0,4,2,0,0,0
1,145,1,0,5,1,0,0,1
1,145,9,0,3,2,0,1,0
1,145,4,0,4,1,1,1,0
1,145,0,0,4,2,0,0,0
1,145,4,0,2,3,0,0,0
1,145,9,0,3,3,0,0,0
1,145,0,0,2,4,1,1,1
1,145,7,0,3,2,0,1,1
1,145,5,0,5,1,1,1,1
1,145,3,0,4,2,1,1,0
1,145,6,0,4,2,0,0,1
1,145,8,0,4,2,1,0,1
1,145,2,0,4,2,0,1,0
1,184,3,0,4,2,1,1,0
1,184,0,0,5,2,0,0,0
1,184,1,0,5,2,0,0,1
1,184,8,0,4,3,1,0,1
1,184,9,0,4,2,0,0,0
1,184,2,0,3,2,0,1,0
1,184,6,0,3,3,0,0,1
1,184,4,0,4,1,0,0,0
1,184,9,0,4,3,0,1,0
1,184,3,0,4,2,0,0,0
1,184,7,0,4,2,0,1,1
1,184,5,0,4,3,1,1,1
1,184,4,0,3,4,1,1,0
1,184,5,0,5,3,0,0,0
1,184,6,0,3,3,0,1,0
1,184,0,0,3,2,1,1,1
1,135,1,0,5,1,0,0,1
1,135,8,0,5,2,1,0,1
1,135,9,0,5,2,0,0,0
1,135,6,0,5,2,0,1,0
1,135,5,0,5,2,0,0,0
1,135,5,0,5,4,1,1,1
1,135,0,0,4,3,1,1,1
1,135,7,0,4,3,0,1,1
1,135,4,0,5,2,0,0,0
1,135,0,0,5,3,0,0,0
1,135,2,0,5,2,0,1,0
1,135,3,0,5,3,0,0,0
1,135,3,0,4,2,1,1,0
1,135,6,0,4,2,0,0,1
1,135,4,0,4,3,1,1,0
1,135,9,0,4,3,0,1,0
1,118,8,0,5,3,1,0,1
1,118,1,0,5,2,0,0,1
1,118,6,0,4,4,0,0,1
1,118,9,0,4,1,0,1,0
1,118,7,0,5,3,0,1,1
1,118,0,0,5,2,0,0,0
1,118,3,0,3,1,1,1,0
1,118,6,0,4,3,0,1,0
1,118,4,0,5,1,0,0,0
1,118,5,0,4,4,1,1,1
1,118,4,0,4,2,1,1,0
1,118,2,0,3,1,0,1,0
1,118,5,0,4,2,0,0,0
1,118,3,0,4,1,0,0,0
1,118,9,0,5,2,0,0,0
1,118,0,0,5,3,1,1,1
1,197,3,0,4,1,0,0,0
1,197,1,0,4,1,0,0,1
1,197,4,0,4,1,0,0,0
1,197,0,0,4,1,0,0,0
1,197,5,0,4,1,0,0,0
1,197,3,0,3,2,1,1,0
1,197,8,0,4,1,1,0,1
1,197,9,0,4,1,0,0,0
1,197,0,0,4,2,1,1,1
1,197,7,0,4,2,0,1,1
1,197,6,0,4,2,0,1,0
1,197,6,0,4,1,0,0,1
1,197,5,0,4,1,1,1,1
1,197,9,0,4,2,0,1,0
1,197,4,0,4,2,1,1,0
1,197,2,0,4,2,0,1,0
1,212,5,0,4,2,1,1,1
1,212,3,0,4,2,0,0,0
1,212,5,0,5,2,0,0,0
1,212,9,0,5,2,0,1,0
1,212,8,0,4,4,1,0,1
1,212,4,0,5,3,0,0,0
1,212,7,0,4,3,0,1,1
1,212,3,0,3,3,1,1,0
1,212,9,0,4,2,0,0,0
1,212,0,0,4,2,1,1,1
1,212,4,0,4,3,1,1,0
1,212,0,0,4,2,0,0,0
1,212,1,0,4,2,0,0,1
1,212,2,0,4,3,0,1,0
1,212,6,0,3,3,0,1,0
1,212,6,0,4,4,0,0,1
1,240,4,0,2,3,1,1,0
1,240,4,0,4,2,0,0,0
1,240,7,0,3,3,0,1,1
1,240,3,0,4,2,0,0,0
1,240,9,0,4,3,0,0,0
1,240,3,0,2,3,1,1,0
1,240,5,0,4,3,1,1,1
1,240,8,0,3,3,1,0,1
1,240,9,0,4,3,0,1,0
1,240,6,0,5,3,0,0,1
1,240,2,0,4,3,0,1,0
1,240,0,0,4,3,0,0,0
1,240,6,0,2,3,0,1,0
1,240,5,0,4,3,0,0,0
1,240,0,0,2,3,1,1,1
1,240,1,0,3,3,0,0,1
1,160,6,0,3,3,0,0,1
1,160,7,0,4,2,0,1,1
1,160,5,0,4,2,1,1,1
1,160,9,0,4,3,0,0,0
1,160,3,0,3,3,0,0,0
1,160,0,0,5,2,1,1,1
1,160,4,0,3,3,0,0,0
1,160,1,0,3,3,0,0,1
1,160,3,0,4,2,1,1,0
1,160,5,0,4,3,0,0,0
1,160,0,0,4,2,0,0,0
1,160,9,0,4,2,0,1,0
1,160,8,0,4,2,1,0,1
1,160,2,0,4,2,0,1,0
1,160,4,0,4,2,1,1,0
1,160,6,0,3,3,0,1,0
1,237,5,0,5,1,0,0,0
1,237,4,0,4,2,1,1,0
1,237,3,0,4,1,1,1,0
1,237,9,0,5,1,0,0,0
1,237,2,0,4,1,0,1,0
1,237,9,0,5,1,0,1,0
1,237,6,0,5,1,0,0,1
1,237,7,0,4,1,0,1,1
1,237,1,0,5,1,0,0,1
1,237,0,0,4,2,1,1,1
1,237,4,0,5,1,0,0,0
1,237,6,0,4,2,0,1,0
1,237,0,0,5,1,0,0,0
1,237,3,0,5,1,0,0,0
1,237,8,0,4,1,1,0,1
1,237,5,0,5,2,1,1,1
1,222,8,0,4,4,1,0,1
1,222,5,0,5,2,1,1,1
1,222,4,0,4,4,1,1,0
1,222,9,0,5,2,0,1,0
1,222,6,0,4,4,0,0,1
1,222,9,0,4,2,0,0,0
1,222,3,0,4,4,1,1,0
1,222,0,0,5,2,1,1,1
1,222,3,0,4,1,0,0,0
1,222,0,0,4,2,0,0,0
1,222,6,0,4,4,0,1,0
1,222,4,0,5,2,0,0,0
1,222,1,0,5,2,0,0,1
1,222,5,0,5,1,0,0,0
1,222,7,0,4,4,0,1,1
1,222,2,0,4,4,0,1,0
1,218,8,0,4,2,1,0,1
1,218,6,0,4,2,0,1,0
1,218,5,0,4,2,0,0,0
1,218,9,0,5,2,0,1,0
1,218,1,0,4,2,0,0,1
1,218,4,0,4,2,0,0,0
1,218,3,0,4,2,1,1,0
1,218,6,0,4,2,0,0,1
1,218,5,0,4,2,1,1,1
1,218,7,0,4,2,0,1,1
1,218,3,0,4,2,0,0,0
1,218,9,0,4,2,0,0,0
1,218,4,0,4,2,1,1,0
1,218,0,0,3,3,1,1,1
1,218,2,0,3,2,0,1,0
1,218,0,0,4,2,0,0,0
1,242,4,0,4,2,1,1,0
1,242,3,0,4,4,1,1,0
1,242,0,0,4,1,0,0,0
1,242,2,0,4,2,0,1,0
1,242,8,0,4,1,1,0,1
1,242,5,0,4,4,1,1,1
1,242,6,0,4,3,0,0,1
1,242,1,0,4,1,0,0,1
1,242,6,0,4,3,0,1,0
1,242,9,0,4,1,0,0,0
1,242,4,0,4,1,0,0,0
1,242,0,0,4,4,1,1,1
1,242,9,0,4,3,0,1,0
1,242,5,0,4,1,0,0,0
1,242,7,0,4,3,0,1,1
1,242,3,0,4,1,0,0,0
1,239,5,0,4,2,1,1,1
1,239,3,0,3,1,1,1,0
1,239,0,0,4,2,0,0,0
1,239,2,0,3,3,0,1,0
1,239,6,0,3,3,0,0,1
1,239,6,0,4,2,0,1,0
1,239,4,0,3,4,1,1,0
1,239,1,0,3,4,0,0,1
1,239,9,0,3,3,0,1,0
1,239,4,0,3,3,0,0,0
1,239,7,0,2,4,0,1,1
1,239,8,0,3,4,1,0,1
1,239,5,0,3,3,0,0,0
1,239,9,0,4,3,0,0,0
1,239,0,0,3,3,1,1,1
1,239,3,0,3,3,0,0,0
1,127,7,0,4,4,0,1,1
1,127,1,0,5,2,0,0,1
1,127,2,0,4,1,0,1,0
1,127,4,0,4,2,1,1,0
1,127,4,0,5,2,0,0,0
1,127,5,0,5,2,0,0,0
1,127,3,0,5,2,0,0,0
1,127,0,0,5,2,0,0,0
1,127,5,0,4,4,1,1,1
1,127,0,0,5,1,1,1,1
1,127,3,0,3,3,1,1,0
1,127,9,0,5,2,0,0,0
1,127,8,0,5,1,1,0,1
1,127,6,0,4,4,0,1,0
1,127,6,0,4,4,0,0,1
1,127,9,0,5,3,0,1,0
1,241,4,0,5,1,1,1,0
1,241,9,0,3,1,0,1,0
1,241,9,0,3,1,0,0,0
1,241,7,0,4,1,0,1,1
1,241,3,0,5,1,0,0,0
1,241,3,0,3,1,1,1,0
1,241,0,0,5,1,0,0,0
1,241,5,0,5,1,1,1,1
1,241,6,0,5,1,0,0,1
1,241,0,0,4,1,1,1,1
1,241,1,0,5,1,0,0,1
1,241,4,0,5,1,0,0,0
1,241,2,0,3,1,0,1,0
1,241,6,0,5,1,0,1,0
1,241,5,0,5,1,0,0,0
1,241,8,0,5,1,1,0,1
1,179,0,0,2,3,1,1,1
1,179,5,0,5,2,0,0,0
1,179,3,0,3,2,0,0,0
1,179,9,0,4,2,0,0,0
1,179,7,0,2,4,0,1,1
1,179,4,0,2,4,1,1,0
1,179,5,0,2,4,1,1,1
1,179,4,0,4,2,0,0,0
1,179,1,0,4,2,0,0,1
1,179,0,0,3,2,0,0,0
1,179,6,0,3,2,0,0,1
1,179,8,0,2,2,1,0,1
1,179,3,0,2,4,1,1,0
1,179,2,0,1,4,0,1,0
1,179,9,0,3,4,0,1,0
1,179,6,0,2,4,0,1,0
1,122,0,0,4,2,0,0,0
1,122,5,0,3,2,1,1,1
1,122,0,0,4,2,1,1,1
1,122,9,0,4,2,0,1,0
1,122,2,0,3,3,0,1,0
1,122,4,0,4,3,1,1,0
1,122,7,0,4,3,0,1,1
1,122,3,0,4,4,1,1,0
1,122,9,0,4,4,0,0,0
1,122,6,0,4,3,0,1,0
1,122,1,0,4,4,0,0,1
1,122,6,0,4,4,0,0,1
1,122,8,0,2,4,1,0,1
1,122,5,0,2,3,0,0,0
1,122,4,0,2,4,0,0,0
1,122,3,0,3,3,0,0,0
